"{""type"":""Polygon"",""coordinates"":[[[15.450135081860473,49.18503627903371],[15.450238747444262,49.185068689995319],[15.450494587637177,49.184887376227167],[15.450741624340312,49.184724792169973],[15.450702188299339,49.184686039661457],[15.450622956891278,49.184635954935047],[15.450619273798614,49.184633488862815],[15.450331273918524,49.18483265315885],[15.450178111162581,49.184981438698884],[15.450155114291308,49.184979559799821],[15.450135081860473,49.18503627903371]]]}"
"{""type"":""Polygon"",""coordinates"":[[[15.450239645759547,49.185437245759282],[15.450316541547867,49.185517861462195],[15.450379423617754,49.185485039789825],[15.450461529634721,49.185442177823539],[15.450724556349911,49.185584385464821],[15.450700930657939,49.185602763218533],[15.450708027348684,49.185616150204162],[15.450787977408973,49.185686373104538],[15.450791840164692,49.185704692105638],[15.450795433425828,49.185713088312205],[15.450800823317534,49.185718842355051],[15.450808638660504,49.185723069814664],[15.450817262487236,49.185725183544335],[15.450826515134658,49.185726886270956],[15.450837654244182,49.185727355988639],[15.450848434027591,49.185726181694434],[15.450855261223751,49.185723539532383],[15.45086163926227,49.185719546931679],[15.450865232523403,49.18571537818648],[15.451055136374469,49.185712853453303],[15.451057921151849,49.185723891820658],[15.451425871092226,49.18572154323207],[15.45142658974445,49.185710152575801],[15.45153142313811,49.185707862701285],[15.45153142313811,49.185697294048317],[15.451737047506642,49.18569065928169],[15.451756630779837,49.185684259373204],[15.451920932645301,49.18570627740349],[15.451897127290273,49.185769747990634],[15.451906290106173,49.185774738736384],[15.452092960022211,49.185802158471802],[15.452078227651551,49.185844374265997],[15.452163747266599,49.185859463908322],[15.452186115317176,49.185798694309071],[15.452257441550735,49.185638285694388],[15.45255406525755,49.185532657629388],[15.452656832526051,49.185512577115709],[15.452673720853396,49.185511989966052],[15.452708665317946,49.185510874381713],[15.452712617905197,49.185416754201334],[15.452733728314373,49.185413348726691],[15.452724475666946,49.185387044362997],[15.452738758879965,49.185364791330095],[15.452530978554748,49.184949967130251],[15.452558287339386,49.184927068028543],[15.452550471996414,49.184903757906447],[15.45251229359684,49.184891662473525],[15.452475013512547,49.184903053318202],[15.452470611767653,49.184928594635657],[15.451582986435417,49.185153240230015],[15.451577057554543,49.185154649399365],[15.451614966459529,49.18520126939621],[15.451624758096129,49.185198744636793],[15.452011842152055,49.185101394512948],[15.452426863813317,49.184996939613391],[15.452508251178061,49.185163163130021],[15.452531427712389,49.185210546418048],[15.452634464475478,49.185421157831982],[15.452629074583776,49.185444056705037],[15.45242506718275,49.185512459685768],[15.45230118950507,49.18555408857798],[15.451808373740201,49.18547764169967],[15.451817446724572,49.18544065123227],[15.451761212187787,49.18540618548618],[15.451663295821817,49.185345885051539],[15.451618649552197,49.185357745512853],[15.451559630238028,49.185263859902243],[15.451526123077931,49.185273136912343],[15.451377092572296,49.185314237569109],[15.451358497445915,49.185284938675856],[15.451389040165576,49.185276366250903],[15.451342058276216,49.185206377629967],[15.451311515556554,49.18521489135172],[15.451281062668423,49.185169680536646],[15.451247555508328,49.185119948592344],[15.450724915676028,49.185264681915861],[15.450662482763777,49.185265445214227],[15.450661494616966,49.185275661667959],[15.450609841488131,49.18529045790757],[15.450522884568628,49.185231390353174],[15.450483538359181,49.185250355390757],[15.450452276987296,49.185197863906737],[15.450279171632046,49.185241254522239],[15.450357235230236,49.18536684635994],[15.450345197805428,49.185370075692376],[15.450354540284383,49.185385048049099],[15.450269739321563,49.185423565149904],[15.450239645759547,49.185437245759282]],[[15.451299388300221,49.185443469554571],[15.451566726928773,49.18538093799085],[15.451669314534222,49.185456269432997],[15.451704618324884,49.185478287564727],[15.45170848108061,49.185582682733298],[15.451363528011504,49.185601647636233],[15.451339722656478,49.185542991457815],[15.451299388300221,49.185443469554571]],[[15.450665537035745,49.18539414889117],[15.451117928612828,49.185272784620857],[15.451233721452949,49.18545985104975],[15.451276930418116,49.185555380306091],[15.451299388300221,49.185604876953356],[15.450957309840028,49.185608341129651],[15.450900536314069,49.185539174987333],[15.450665537035745,49.18539414889117]],[[15.451768847867703,49.185650146085607],[15.451796156652339,49.18554669049815],[15.451984174041305,49.185569471883305],[15.451958931381821,49.185642337016461],[15.451901079877523,49.185635173809096],[15.451891288240926,49.185667349519285],[15.451768847867703,49.185650146085607]]]}"
"{""type"":""Polygon"",""coordinates"":[[[15.450393976325355,49.184527154059296],[15.450511386132989,49.184606773072261],[15.450544174640861,49.184586046306144],[15.450426675001697,49.18450648597598],[15.450393976325355,49.184527154059296]]]}"
"{""type"":""Polygon"",""coordinates"":[[[15.450445270128078,49.185170443836455],[15.450480214592634,49.185197863906737],[15.450561781620429,49.185199155644149],[15.450552978130643,49.185117071536183],[15.450481651897087,49.185120594462063],[15.450482370549315,49.185168564944576],[15.450445270128078,49.185170443836455]]]}"
"{""type"":""Polygon"",""coordinates"":[[[15.450543276325579,49.185026238677167],[15.450552978130643,49.185117071536183],[15.450561781620429,49.185199155644149],[15.450570944436326,49.185198979498146],[15.450570764773271,49.185191052927102],[15.450660236975567,49.185189937335522],[15.450662482763777,49.185265445214227],[15.450724915676028,49.185264681915861],[15.450723119045458,49.18520426387812],[15.450905387216604,49.185201973980199],[15.450904848227434,49.185185944691767],[15.450995757734189,49.185184770384716],[15.450994589924319,49.185147251259799],[15.451003393414101,49.185147779698383],[15.45100977145262,49.185146546675035],[15.451015430838909,49.185144667782239],[15.451021539382841,49.185141438435089],[15.451026929274544,49.185137152210366],[15.451030522535683,49.185132748554445],[15.45103231916625,49.18512593756585],[15.451040134509222,49.185125761419577],[15.451050734629575,49.185137387072004],[15.451060436434643,49.185133688001073],[15.451049836314294,49.185121944916929],[15.451077055267401,49.185106385326137],[15.451094752078498,49.18511125870792],[15.45109906399186,49.185104682578157],[15.451081367180766,49.185099750480255],[15.451082894316746,49.185069394581198],[15.451098075845049,49.185067045961553],[15.451095560562255,49.185059882670892],[15.451080289202423,49.1850620551444],[15.451060077108529,49.185047963422683],[15.451065826326349,49.18503739462875],[15.451050554966521,49.185033636834817],[15.451044626085643,49.185044264345059],[15.451001956109648,49.185045145077858],[15.451001237457421,49.185032286377549],[15.450990996663181,49.185032462524156],[15.450991535652353,49.185045379939929],[15.450953536915835,49.185045849664085],[15.450939253702817,49.185046084526142],[15.450900715977129,49.185046554250292],[15.450899997324901,49.185021893726919],[15.45081564551972,49.185022891891201],[15.450815376025135,49.185009563460632],[15.450795253762772,49.185009857038438],[15.450795613088886,49.185023185468921],[15.450728688600218,49.185023948771004],[15.450728329274105,49.185011970798577],[15.450713237577331,49.185012146945255],[15.450713686734973,49.185024183633182],[15.450643887637398,49.185025064366336],[15.450643438479755,49.185012146945255],[15.450629155266737,49.185012381807489],[15.450629424761324,49.185025181797414],[15.450543276325579,49.185026238677167]]]}"
"{""type"":""Polygon"",""coordinates"":[[[15.450622956891278,49.184635954935047],[15.450702188299339,49.184686039661457],[15.450741624340312,49.184724792169973],[15.450768034809663,49.18474076289192],[15.450823910020338,49.184700953509235],[15.450750966819266,49.184653980745118],[15.450775490826519,49.184638949451191],[15.450707937517155,49.184589980282254],[15.450622956891278,49.184635954935047]]]}"
"{""type"":""Polygon"",""coordinates"":[[[15.450707937517155,49.184589980282254],[15.450775490826519,49.184638949451191],[15.450750966819266,49.184653980745118],[15.450823910020338,49.184700953509235],[15.450913921211805,49.184639477895196],[15.450838193233352,49.184595969319908],[15.450824987998677,49.18460495287502],[15.450768933124948,49.18455498549875],[15.450707937517155,49.184589980282254]]]}"
"{""type"":""Polygon"",""coordinates"":[[[15.450784024821722,49.18479078879642],[15.450785821452289,49.184798069557644],[15.450791480838578,49.184805585181024],[15.451374577289501,49.185093878934509],[15.451578315195942,49.185019192811716],[15.451568343896286,49.185008741442772],[15.45147348180228,49.184910568925623],[15.451385446904441,49.184953255205521],[15.451270193053485,49.184894245964301],[15.4512942679031,49.184874165191538],[15.451227972235133,49.184840286208498],[15.451203897385518,49.184860249563528],[15.451065916157878,49.184789673195816],[15.45129085430502,49.184637364119148],[15.451616224100928,49.184836763262652],[15.451773159781064,49.184771941014397],[15.45142155917886,49.184546589095667],[15.451527021393217,49.184474485659514],[15.451426140586809,49.184403673876474],[15.451242435111206,49.184487461937131],[15.450810794617187,49.184766245577293],[15.450786540104517,49.184782275001687],[15.450784024821722,49.18479078879642]]]}"
"{""type"":""Polygon"",""coordinates"":[[[15.450833611825402,49.184591154603417],[15.450838193233352,49.184595969319908],[15.450913921211805,49.184639477895196],[15.450993422114449,49.184589451837716],[15.450909429635384,49.18454148079379],[15.450833611825402,49.184591154603417]]]}"
"{""type"":""Polygon"",""coordinates"":[[[15.450909429635384,49.18454148079379],[15.450993422114449,49.184589451837716],[15.451151974762098,49.184495447337042],[15.451084960441902,49.184445949580031],[15.450909429635384,49.18454148079379]]]}"
"{""type"":""Polygon"",""coordinates"":[[[15.451038966699356,49.184402969281109],[15.451084960441902,49.184445949580031],[15.451151974762098,49.184495447337042],[15.451327954726255,49.18440496563462],[15.451245938540815,49.184347952095365],[15.451245938540815,49.184344957561613],[15.451387962187233,49.184252948956107],[15.451323912307476,49.184208970308873],[15.451127989744009,49.184327988533653],[15.451173983486559,49.184360987122496],[15.451153951055721,49.184379952493657],[15.451162934208561,49.184387937910927],[15.451129966037636,49.184412951047854],[15.451078941729497,49.184375959784546],[15.451038966699356,49.184402969281109]]]}"
"{""type"":""Polygon"",""coordinates"":[[[15.451349963450717,49.184298982638445],[15.451380955328018,49.184320942568768],[15.451373948468802,49.184329984890184],[15.451409970911696,49.184360987122496],[15.451504922837227,49.184314953497832],[15.451425960923755,49.184252948956107],[15.451349963450717,49.184298982638445]]]}"
"{""type"":""Polygon"",""coordinates"":[[[15.451425960923755,49.184252948956107],[15.451504922837227,49.184314953497832],[15.451508965256005,49.184317948033396],[15.451653324522162,49.184244258919435],[15.451596371333149,49.184201572027931],[15.451507977109193,49.18424895623675],[15.451474919106738,49.184222944836527],[15.451425960923755,49.184252948956107]]]}"
"{""type"":""Polygon"",""coordinates"":[[[15.451450934088649,49.184398976573853],[15.451507977109193,49.184448944107665],[15.451733993234676,49.184339966671644],[15.451677938360948,49.184285947594994],[15.451450934088649,49.184398976573853]]]}"
"{""type"":""Polygon"",""coordinates"":[[[15.451463151176515,49.184899941386668],[15.45147348180228,49.184910568925623],[15.451568343896286,49.185008741442772],[15.451578315195942,49.185019192811716],[15.451884461044765,49.184892778071827],[15.45186568625533,49.184873343171425],[15.451901618866694,49.184858488091351],[15.451825441730602,49.184780572242573],[15.451793821032599,49.184793489724093],[15.451773159781064,49.184771941014397],[15.451616224100928,49.184836763262652],[15.451463151176515,49.184899941386668]]]}"
"{""type"":""Polygon"",""coordinates"":[[[15.451540675785532,49.184157475901891],[15.451584872897515,49.184189887439103],[15.451625476748356,49.184166165953805],[15.451581369467904,49.184133754401053],[15.451540675785532,49.184157475901891]]]}"
"{""type"":""Polygon"",""coordinates"":[[[15.451559630238028,49.185263859902243],[15.451618649552197,49.185357745512853],[15.451663295821817,49.185345885051539],[15.451709469227421,49.185333437435631],[15.451713691309255,49.185340189680502],[15.451727076206989,49.185336549339901],[15.451722854125153,49.185329855809726],[15.451790676929104,49.185311654100261],[15.451784478553645,49.185301789945235],[15.451814482284135,49.18529045790757],[15.451820231501953,49.185297092727865],[15.451832089263704,49.185292571655729],[15.451826340045884,49.185286054265291],[15.451846641971304,49.185270494726097],[15.451860296363625,49.185271375454867],[15.451861643836553,49.185262274590215],[15.451848079275761,49.185261393861289],[15.451838916459863,49.185236674729708],[15.451844755509208,49.185229746324808],[15.451830741790777,49.185224755524075],[15.451824992572959,49.185231683929665],[15.451796965136092,49.185228865595306],[15.451793012548842,49.185221291320914],[15.451777831020543,49.185224579378158],[15.451781783607792,49.185232153652038],[15.45174567133337,49.185240080216502],[15.451735430539133,49.185223639933255],[15.451723662608909,49.185226869275027],[15.45172815418533,49.185234091256802],[15.451675153583569,49.185248359071352],[15.451671111164789,49.185241959105667],[15.451656827951771,49.185245775599064],[15.451660870370549,49.185252175564251],[15.451600054425814,49.185268439692258],[15.451591789925203,49.185255287473638],[15.451559630238028,49.185263859902243]]]}"
"{""type"":""Polygon"",""coordinates"":[[[15.451593945881884,49.184443953228168],[15.451690963932567,49.184503961181122],[15.451792922717313,49.184433971467691],[15.451985970671872,49.184548937740033],[15.452042923860885,49.184503961181122],[15.451760942693198,49.184345955739552],[15.451593945881884,49.184443953228168]]]}"
"{""type"":""Polygon"",""coordinates"":[[[15.451596371333149,49.184201572027931],[15.451653324522162,49.184244258919435],[15.451784478553645,49.184169982530179],[15.451725908397121,49.184130994720761],[15.451669943354919,49.184087955431636],[15.451625925905995,49.184117959633056],[15.451685214714749,49.1841594722653],[15.451596371333149,49.184201572027931]]]}"
"{""type"":""Polygon"",""coordinates"":[[[15.451699947085412,49.184274967623288],[15.451775944558447,49.184340964849682],[15.451844935172266,49.184312957140691],[15.451809990707714,49.184284949415854],[15.451917968204864,49.184230988995616],[15.451859487879869,49.184188947974555],[15.451699947085412,49.184274967623288]]]}"
"{""type"":""Polygon"",""coordinates"":[[[15.451725908397121,49.184130994720761],[15.451784478553645,49.184169982530179],[15.451966297567152,49.184074744182567],[15.451908446062854,49.184031880994667],[15.451883922055597,49.184039983901521],[15.451827957013396,49.183999939088039],[15.451779986977224,49.184029943342836],[15.451820950154181,49.184063940314047],[15.451795976989281,49.18407996996595],[15.451802983848498,49.184088953614754],[15.451725908397121,49.184130994720761]]]}"
"{""type"":""Polygon"",""coordinates"":[[[15.451774147927877,49.183935937779253],[15.451811967001339,49.183963064949602],[15.451877723680134,49.183923959543456],[15.451839994438203,49.183896891068549],[15.451774147927877,49.183935937779253]]]}"
"{""type"":""Polygon"",""coordinates"":[[[15.451825441730602,49.184780572242573],[15.451901618866694,49.184858488091351],[15.451921741129057,49.18487874501762],[15.452008967543147,49.184845981637075],[15.452015974402363,49.184853966979141],[15.452068975004126,49.184833357748097],[15.452059991851284,49.184824961392252],[15.452154494619174,49.184788968605943],[15.452044989986041,49.18469848744023],[15.451985970671872,49.184719977466017],[15.45193395821692,49.184665958804203],[15.451849965737859,49.184700953509235],[15.451898923920842,49.184753973963169],[15.451825441730602,49.184780572242573]]]}"
"{""type"":""Polygon"",""coordinates"":[[[15.451859487879869,49.184188947974555],[15.451917968204864,49.184230988995616],[15.452059991851284,49.184327988533653],[15.452082988722559,49.184315951676368],[15.452288972417207,49.184422991528834],[15.452317988000882,49.184438962348182],[15.452349429035825,49.18441594557747],[15.452309992994856,49.184382947025284],[15.452319155810752,49.184376253366111],[15.451997918265151,49.184180962525176],[15.451984982525062,49.184185953431189],[15.451937910804173,49.184152954725619],[15.451859487879869,49.184188947974555]]]}"
"{""type"":""Polygon"",""coordinates"":[[[15.451873591429827,49.18400598691386],[15.451908446062854,49.184031880994667],[15.451966297567152,49.184074744182567],[15.452110117844137,49.183991836174627],[15.452055051117222,49.183952848224841],[15.452002050515457,49.183911687720446],[15.451952373680248,49.18394028282485],[15.45199127073205,49.183969054063127],[15.451931442934125,49.184003462093457],[15.45190808673674,49.183986081930961],[15.451873591429827,49.18400598691386]]]}"
"{""type"":""Polygon"",""coordinates"":[[[15.451918956351678,49.184627969557823],[15.452044989986041,49.18469848744023],[15.452154494619174,49.184788968605943],[15.45238042091313,49.184693437869974],[15.452266963692745,49.184616872229945],[15.452107961887457,49.184535961478531],[15.452082988722559,49.18452398338799],[15.451963961947413,49.184610941910869],[15.451947971935354,49.184607947393033],[15.451918956351678,49.184627969557823]]]}"
"{""type"":""Polygon"",""coordinates"":[[[15.451931083608015,49.183855378216016],[15.451969082344531,49.183883092599508],[15.452029269468568,49.183846453241763],[15.45199414534096,49.183818269101948],[15.451931083608015,49.183855378216016]]]}"
"{""type"":""Polygon"",""coordinates"":[[[15.451930814113428,49.184146378468519],[15.451937910804173,49.184152954725619],[15.451984982525062,49.184185953431189],[15.451997918265151,49.184180962525176],[15.452078946303779,49.184143971088453],[15.45202298126158,49.184092946347022],[15.451930814113428,49.184146378468519]]]}"
"{""type"":""Polygon"",""coordinates"":[[[15.451969082344531,49.183883092599508],[15.452002050515457,49.183911687720446],[15.452055051117222,49.183952848224841],[15.452123951899516,49.183910983118075],[15.452029269468568,49.183846453241763],[15.451969082344531,49.183883092599508]]]}"
"{""type"":""Polygon"",""coordinates"":[[[15.45202298126158,49.184092946347022],[15.452078946303779,49.184143971088453],[15.45212008914379,49.184118781665717],[15.452125209540911,49.184123067978646],[15.452174976207649,49.184093944530041],[15.452230941249852,49.184060945763122],[15.452167430359262,49.184010977837517],[15.45202298126158,49.184092946347022]]]}"
"{""type"":""Polygon"",""coordinates"":[[[15.452055051117222,49.183952848224841],[15.452110117844137,49.183991836174627],[15.452257980539903,49.183901470985084],[15.452195996785301,49.183864949074788],[15.452123951899516,49.183910983118075],[15.452055051117222,49.183952848224841]]]}"
"{""type"":""Polygon"",""coordinates"":[[[15.452054961285691,49.184469964512218],[15.4521321265686,49.184512651172192],[15.45213823511253,49.184508247460691],[15.452149913211224,49.184515939276523],[15.452130150274975,49.184530677027176],[15.452123412910343,49.184526449465686],[15.452107961887457,49.184535961478531],[15.452266963692745,49.184616872229945],[15.45238042091313,49.184693437869974],[15.452486422116653,49.184654450472983],[15.452397938061171,49.184583991243876],[15.452213963090983,49.184488988557803],[15.452098978734615,49.184432973291528],[15.452054961285691,49.184469964512218]]]}"
"{""type"":""Polygon"",""coordinates"":[[[15.452110926327894,49.183700952447552],[15.452163926929657,49.183734949644787],[15.452300470852842,49.183652980542284],[15.452239924402692,49.183618983288724],[15.452110926327894,49.183700952447552]]]}"
"{""type"":""Polygon"",""coordinates"":[[[15.452140211406157,49.183456982238091],[15.452189528915255,49.183488572191003],[15.452208034210106,49.183476182825252],[15.452241092212565,49.183497262360383],[15.452277024823928,49.18347324695614],[15.452194739143902,49.183420577434624],[15.452140211406157,49.183456982238091]]]}"
"{""type"":""Polygon"",""coordinates"":[[[15.452167430359262,49.184010977837517],[15.452230941249852,49.184060945763122],[15.45224396682147,49.184072982682423],[15.452304962429263,49.184040982085619],[15.452282953704804,49.184020959683323],[15.452349968024997,49.183987960867739],[15.452357963031027,49.183993949978245],[15.452368922477493,49.183983968126988],[15.452310981141666,49.183935937779253],[15.452305950576077,49.183932943220569],[15.452167430359262,49.184010977837517]]]}"
"{""type"":""Polygon"",""coordinates"":[[[15.452190966219709,49.183860956324118],[15.452195996785301,49.183864949074788],[15.452257980539903,49.183901470985084],[15.452386978614705,49.183820970082714],[15.452325983006912,49.183775992862152],[15.452190966219709,49.183860956324118]]]}"
"{""type"":""Polygon"",""coordinates"":[[[15.452203991791329,49.183597962522683],[15.452239924402692,49.183618983288724],[15.452300470852842,49.183652980542284],[15.452337930600191,49.183629963405984],[15.452237948109069,49.18357095258672],[15.452203991791329,49.183597962522683]]]}"
"{""type"":""Polygon"",""coordinates"":[[[15.452209920672203,49.183552985099425],[15.452237948109069,49.18357095258672],[15.452337930600191,49.183629963405984],[15.452420934932443,49.18356995439315],[15.452332989866131,49.183513938086548],[15.452264987399122,49.183557976068769],[15.452234983668628,49.183535957082555],[15.452209920672203,49.183552985099425]]]}"
"{""type"":""Polygon"",""coordinates"":[[[15.452213963090983,49.184488988557803],[15.452397938061171,49.184583991243876],[15.452486422116653,49.184654450472983],[15.452602484451367,49.184611940083428],[15.452445009782059,49.184502258412429],[15.452317988000882,49.184438962348182],[15.452288972417207,49.184422991528834],[15.452245943115095,49.18445798640569],[15.452241092212565,49.18445575518944],[15.452231749733608,49.184464738770025],[15.45223669046767,49.184466969985856],[15.452213963090983,49.184488988557803]]]}"
"{""type"":""Polygon"",""coordinates"":[[[15.452254926267937,49.183720974979323],[15.452325983006912,49.183775992862152],[15.452386978614705,49.183820970082714],[15.452469982946958,49.18377898743033],[15.45243198421044,49.183739470859237],[15.452425157014279,49.183744755395089],[15.452418150155065,49.183736769874031],[15.452394973620732,49.183744990263349],[15.452342961165783,49.183705943401975],[15.452384912489551,49.183679990433461],[15.452361915618276,49.183653450279643],[15.452254926267937,49.183720974979323]]]}"
"{""type"":""Polygon"",""coordinates"":[[[15.452259956833529,49.18420397940519],[15.452318976147696,49.184243965337089],[15.452403956773573,49.184184955250025],[15.452338918747005,49.184145967452409],[15.452259956833529,49.18420397940519]]]}"
"{""type"":""Polygon"",""coordinates"":[[[15.452309992994856,49.184382947025284],[15.452349429035825,49.18441594557747],[15.452317988000882,49.184438962348182],[15.452445009782059,49.184502258412429],[15.452602484451367,49.184611940083428],[15.452781428855959,49.184513942927488],[15.452618654126477,49.184408077597276],[15.452498908699104,49.184342961205687],[15.452422911226069,49.184300978996156],[15.452319155810752,49.184376253366111],[15.452309992994856,49.184382947025284]]]}"
"{""type"":""Polygon"",""coordinates"":[[[15.452310981141666,49.183935937779253],[15.452368922477493,49.183983968126988],[15.452384912489551,49.183997942718193],[15.45245498108171,49.183960951144641],[15.452455969228525,49.18395596021594],[15.452459921815773,49.183958954773225],[15.452528912429594,49.183923959543456],[15.452474474523379,49.183858959948658],[15.452310981141666,49.183935937779253]]]}"
"{""type"":""Polygon"",""coordinates"":[[[15.452341434029799,49.183396268405787],[15.452427672297073,49.183447939757144],[15.452486871274296,49.183405780635887],[15.452400543175496,49.183354050522986],[15.452341434029799,49.183396268405787]]]}"
"{""type"":""Polygon"",""coordinates"":[[[15.452361915618276,49.183653450279643],[15.452384912489551,49.183679990433461],[15.452387966761517,49.183685979581256],[15.452459921815773,49.183650984158426],[15.452414916220039,49.1836199814813],[15.452361915618276,49.183653450279643]]]}"
"{""type"":""Polygon"",""coordinates"":[[[15.452397758398114,49.183468079826078],[15.452486871274296,49.18352303927275],[15.452608413332237,49.18343883855713],[15.452562689084276,49.183410536750252],[15.452573289204629,49.183403255784867],[15.452529990407937,49.183376539330126],[15.452486871274296,49.183405780635887],[15.452427672297073,49.183447939757144],[15.452397758398114,49.183468079826078]]]}"
"{""type"":""Polygon"",""coordinates"":[[[15.45243198421044,49.183739470859237],[15.452469982946958,49.18377898743033],[15.452574996003671,49.183730956883629],[15.452519929276752,49.183685979581256],[15.45243198421044,49.183739470859237]]]}"
"{""type"":""Polygon"",""coordinates"":[[[15.452474474523379,49.183858959948658],[15.452528912429594,49.183923959543456],[15.452533942995187,49.183932943220569],[15.452618923621062,49.183897947972405],[15.452549933007242,49.183823964648177],[15.452474474523379,49.183858959948658]]]}"
"{""type"":""Polygon"",""coordinates"":[[[15.452498908699104,49.184342961205687],[15.452618654126477,49.184408077597276],[15.452781428855959,49.184513942927488],[15.452872428194242,49.184464445188979],[15.452575984150483,49.184280956699062],[15.452498908699104,49.184342961205687]]]}"
"{""type"":""Polygon"",""coordinates"":[[[15.452499986677445,49.184188947974555],[15.452588919890575,49.184240970797049],[15.452624942333468,49.184217953934251],[15.452532954848374,49.184165989804129],[15.452499986677445,49.184188947974555]]]}"
"{""type"":""Polygon"",""coordinates"":[[[15.452549933007242,49.183823964648177],[15.452618923621062,49.183897947972405],[15.452671475065186,49.183872347406052],[15.452648927351554,49.18385297082181],[15.452604909902632,49.183804940346917],[15.452602035293724,49.183801358610367],[15.452549933007242,49.183823964648177]]]}"
"{""type"":""Polygon"",""coordinates"":[[[15.452573918025328,49.183305960846255],[15.452683961647633,49.183346945701892],[15.452743430119444,49.183300441393186],[15.452625930480281,49.183253937040782],[15.452573918025328,49.183305960846255]]]}"
"{""type"":""Polygon"",""coordinates"":[[[15.452575984150483,49.184280956699062],[15.452872428194242,49.184464445188979],[15.452963966521693,49.184418940106923],[15.452857965318168,49.184341963027691],[15.452718995943714,49.184263987649146],[15.452655934210769,49.1842249411973],[15.452575984150483,49.184280956699062]]]}"
"{""type"":""Polygon"",""coordinates"":[[[15.452584967303324,49.184057951212004],[15.452810983428808,49.184183957068839],[15.452832992153269,49.184169982530179],[15.452855989024544,49.184185953431189],[15.452899467484293,49.184161938361171],[15.452874494319397,49.184148492265535],[15.452644974764302,49.184018493580432],[15.452584967303324,49.184057951212004]]]}"
"{""type"":""Polygon"",""coordinates"":[[[15.452604909902632,49.183804940346917],[15.452648927351554,49.18385297082181],[15.452760947267482,49.183782980187608],[15.452777925426354,49.183788969322926],[15.452785920432383,49.183785974755359],[15.452846556714059,49.183817740649182],[15.45285446188856,49.183810988196569],[15.452899916641936,49.183768946818681],[15.452779991551509,49.183715984026406],[15.452754928555079,49.183742993883214],[15.452722948530964,49.183727962312545],[15.452604909902632,49.183804940346917]]]}"
"{""type"":""Polygon"",""coordinates"":[[[15.452613982887001,49.183998940903123],[15.452644974764302,49.184018493580432],[15.452874494319397,49.184148492265535],[15.452913571034253,49.184122245946064],[15.452917074463862,49.184118488082625],[15.452667971635574,49.183970991717345],[15.452613982887001,49.183998940903123]]]}"
"{""type"":""Polygon"",""coordinates"":[[[15.452620989746217,49.183583987818523],[15.452753940408268,49.183648987774504],[15.452825446304882,49.183586982398317],[15.452707946665718,49.183516991387911],[15.452620989746217,49.183583987818523]]]}"
"{""type"":""Polygon"",""coordinates"":[[[15.452683961647633,49.183346945701892],[15.452769930420324,49.183375952155139],[15.452824997147243,49.183330974530087],[15.452743430119444,49.183300441393186],[15.452683961647633,49.183346945701892]]]}"
"{""type"":""Polygon"",""coordinates"":[[[15.452702916100129,49.184890957885109],[15.452803976569591,49.185385987490939],[15.45291896092596,49.185370956419369],[15.452914918507181,49.185348938239876],[15.453000977111397,49.185324982449465],[15.452994958398998,49.185315940309856],[15.453149917785508,49.185245951744903],[15.45309997145571,49.185158994337954],[15.453095929036932,49.185153944814694],[15.452984987099342,49.185188939174616],[15.453017955270269,49.185243955425328],[15.452899916641936,49.185277951562476],[15.452849970312139,49.185049959750174],[15.452969985234096,49.185034458852265],[15.452913930360367,49.184878979880487],[15.452885453765864,49.184828954065139],[15.452702916100129,49.184890957885109]]]}"
"{""type"":""Polygon"",""coordinates"":[[[15.452707946665718,49.183516991387911],[15.452825446304882,49.183586982398317],[15.452886980901845,49.183517989582548],[15.452798946004002,49.183472953369218],[15.4527739728391,49.18345997682556],[15.452707946665718,49.183516991387911]]]}"
"{""type"":""Polygon"",""coordinates"":[[[15.452708665317946,49.185510874381713],[15.452743789445556,49.18550964136741],[15.452794454427581,49.185508056063249],[15.452787537399892,49.185413348726691],[15.452754748892023,49.185413348726691],[15.452733728314373,49.185413348726691],[15.452712617905197,49.185416754201334],[15.452708665317946,49.185510874381713]]]}"
"{""type"":""Polygon"",""coordinates"":[[[15.452712977231311,49.183954962030143],[15.452937915378453,49.184083962698949],[15.452962978374883,49.184063940314047],[15.452907911647966,49.184032937895644],[15.452907911647966,49.184028945158524],[15.452924979638363,49.18401896331433],[15.452753940408268,49.183923959543456],[15.452712977231311,49.183954962030143]]]}"
"{""type"":""Polygon"",""coordinates"":[[[15.452718995943714,49.184263987649146],[15.452857965318168,49.184341963027691],[15.452963966521693,49.184418940106923],[15.452973937821346,49.184425986057853],[15.453176058760274,49.18432534629693],[15.453169321395643,49.184320942568768],[15.452899467484293,49.184161938361171],[15.452855989024544,49.184185953431189],[15.452718995943714,49.184263987649146]]]}"
"{""type"":""Polygon"",""coordinates"":[[[15.452753940408268,49.183218941312433],[15.452878985895817,49.183254993958364],[15.452908989626303,49.183208959304835],[15.452783944138757,49.183170968939891],[15.452753940408268,49.183218941312433]]]}"
"{""type"":""Polygon"",""coordinates"":[[[15.452786189926966,49.185387279223441],[15.452787537399892,49.185413348726691],[15.452794454427581,49.185508056063249],[15.452952647749113,49.185502947860634],[15.452939352682909,49.18545356854149],[15.452961091912785,49.185451278655094],[15.452958935956104,49.185411469844041],[15.45292677626893,49.185413348726691],[15.452923991491549,49.185395969059385],[15.45293027969854,49.185389569112793],[15.45291896092596,49.185370956419369],[15.452803976569591,49.185385987490939],[15.452786189926966,49.185387279223441]]]}"
"{""type"":""Polygon"",""coordinates"":[[[15.452798946004002,49.183472953369218],[15.452886980901845,49.183517989582548],[15.452970434391739,49.18343044196466],[15.452874943477036,49.183392980227062],[15.452798946004002,49.183472953369218]]]}"
"{""type"":""Polygon"",""coordinates"":[[[15.452808917303654,49.183850974446031],[15.452815924162872,49.183865947262397],[15.453089910324529,49.18400299235941],[15.453128448050217,49.184024482687249],[15.453189982647178,49.183972988088286],[15.452988939686593,49.183874461214792],[15.45285446188856,49.183810988196569],[15.452846556714059,49.183817740649182],[15.452808917303654,49.183850974446031]]]}"
"{""type"":""Polygon"",""coordinates"":[[[15.452809995281994,49.183669949801718],[15.452963427532525,49.183749981213325],[15.453022985835862,49.183690970537185],[15.452865960324196,49.183613992325519],[15.452809995281994,49.183669949801718]]]}"
"{""type"":""Polygon"",""coordinates"":[[[15.45285446188856,49.183810988196569],[15.452988939686593,49.183874461214792],[15.453041940288355,49.183832478607776],[15.452899916641936,49.183768946818681],[15.45285446188856,49.183810988196569]]]}"
"{""type"":""Polygon"",""coordinates"":[[[15.452874494319397,49.184148492265535],[15.452899467484293,49.184161938361171],[15.453169321395643,49.184320942568768],[15.453212979518453,49.184295459654074],[15.45306592530644,49.18419975181579],[15.452913571034253,49.184122245946064],[15.452874494319397,49.184148492265535]]]}"
"{""type"":""Polygon"",""coordinates"":[[[15.452874943477036,49.183392980227062],[15.452970434391739,49.18343044196466],[15.453028914716736,49.183371959365019],[15.452940969650419,49.183327979934802],[15.452874943477036,49.183392980227062]]]}"
"{""type"":""Polygon"",""coordinates"":[[[15.452885453765864,49.184828954065139],[15.452913930360367,49.184878979880487],[15.452969985234096,49.185034458852265],[15.453145965198257,49.184989952459347],[15.453109583429249,49.184913445993793],[15.453004480541008,49.184783977760752],[15.452885453765864,49.184828954065139]]]}"
"{""type"":""Polygon"",""coordinates"":[[[15.452913571034253,49.184122245946064],[15.45306592530644,49.18419975181579],[15.453212979518453,49.184295459654074],[15.453264991973402,49.184265455560272],[15.453128088724103,49.184177380815846],[15.452995946545808,49.184104983258543],[15.452955971515664,49.184082964515731],[15.452917074463862,49.184118488082625],[15.452913571034253,49.184122245946064]]]}"
"{""type"":""Polygon"",""coordinates"":[[[15.452924979638363,49.18331999434649],[15.452940969650419,49.183327979934802],[15.453028914716736,49.183371959365019],[15.453123417484624,49.183271963354294],[15.453053977713161,49.183239962239469],[15.453037987701105,49.183252938840823],[15.452999988964587,49.183238964039226],[15.452924979638363,49.18331999434649]]]}"
"{""type"":""Polygon"",""coordinates"":[[[15.452959924102915,49.183517989582548],[15.45310796646174,49.183589976977927],[15.453175968928745,49.183514936281242],[15.453027926569924,49.183455984042219],[15.452959924102915,49.183517989582548]]]}"
"{""type"":""Polygon"",""coordinates"":[[[15.452963427532525,49.183749981213325],[15.453164919650749,49.183845983506231],[15.453217920252516,49.183798951213532],[15.453098983308898,49.183735947835032],[15.453134915920263,49.183690970537185],[15.453139946485852,49.183688974154869],[15.453058918447224,49.183650984158426],[15.453022985835862,49.183690970537185],[15.452963427532525,49.183749981213325]]]}"
"{""type"":""Polygon"",""coordinates"":[[[15.452988939686593,49.183874461214792],[15.453189982647178,49.183972988088286],[15.453232922117758,49.183929948661721],[15.453237952683351,49.183927952289046],[15.453041940288355,49.183832478607776],[15.452988939686593,49.183874461214792]]]}"
"{""type"":""Polygon"",""coordinates"":[[[15.452994958398998,49.184093944530041],[15.452995946545808,49.184104983258543],[15.453128088724103,49.184177380815846],[15.453264991973402,49.184265455560272],[15.45334494203369,49.184217953934251],[15.453055774343733,49.184045973005752],[15.452994958398998,49.184093944530041]]]}"
"{""type"":""Polygon"",""coordinates"":[[[15.453004480541008,49.184783977760752],[15.453109583429249,49.184913445993793],[15.453145965198257,49.184989952459347],[15.453150995763846,49.184995941448584],[15.453178933369182,49.184987956129433],[15.453228969530509,49.185065989082659],[15.45326292584825,49.185055948732142],[15.453209386257315,49.184979794662212],[15.45315755346542,49.184901350563237],[15.453055954006787,49.184763485932272],[15.453004480541008,49.184783977760752]]]}"
"{""type"":""Polygon"",""coordinates"":[[[15.453023973982672,49.18322598743422],[15.453053977713161,49.183239962239469],[15.453123417484624,49.183271963354294],[15.453170938363156,49.183223991033145],[15.453084969590465,49.183181949156548],[15.453064937159629,49.183198977295234],[15.453050294620498,49.183195982691963],[15.453023973982672,49.18322598743422]]]}"
"{""type"":""Polygon"",""coordinates"":[[[15.453040952141542,49.184038985717422],[15.453055774343733,49.184045973005752],[15.45334494203369,49.184217953934251],[15.453400457918248,49.184183957068839],[15.453236425547367,49.18408167274918],[15.453128448050217,49.184024482687249],[15.453089910324529,49.18400299235941],[15.453040952141542,49.184038985717422]]]}"
"{""type"":""Polygon"",""coordinates"":[[[15.453055954006787,49.184763485932272],[15.45315755346542,49.184901350563237],[15.453209386257315,49.184979794662212],[15.453268944560653,49.184965937779516],[15.453275951419869,49.18496493961409],[15.453170758700098,49.184816858613935],[15.45310796646174,49.184743992265211],[15.453055954006787,49.184763485932272]]]}"
"{""type"":""Polygon"",""coordinates"":[[[15.453084969590465,49.183181949156548],[15.453170938363156,49.183223991033145],[15.453249451118989,49.183155467453382],[15.453185940228401,49.183130453680832],[15.453191869109276,49.18312675445987],[15.453150995763846,49.18310097734107],[15.453117937761393,49.18315394079157],[15.453084969590465,49.183181949156548]]]}"
"{""type"":""Polygon"",""coordinates"":[[[15.453095929036932,49.183380943142346],[15.453200942093645,49.183428974028772],[15.453294995703892,49.183329976331677],[15.453283946425895,49.183325983537848],[15.453193486076785,49.183285468405707],[15.453095929036932,49.183380943142346]]]}"
"{""type"":""Polygon"",""coordinates"":[[[15.45309997145571,49.185158994337954],[15.453149917785508,49.185245951744903],[15.453249990108157,49.185201973980199],[15.453225735595485,49.185121240331789],[15.453219088062383,49.185122884363764],[15.45309997145571,49.185158994337954]]]}"
"{""type"":""Polygon"",""coordinates"":[[[15.45310796646174,49.184743992265211],[15.453170758700098,49.184816858613935],[15.453275951419869,49.18496493961409],[15.453268944560653,49.184965937779516],[15.453388959482609,49.185152946653055],[15.453402973201042,49.185148954006308],[15.453414920794323,49.18516897595218],[15.453525413574269,49.185132689839037],[15.453515532106142,49.185114253195302],[15.453529994982217,49.185108440366704],[15.453457950096432,49.185013967127517],[15.453430910806379,49.185024946935243],[15.453444924524813,49.185045967095114],[15.453409980060259,49.1850539524049],[15.453358955752122,49.184973981817826],[15.453422017485067,49.184957541446167],[15.453418963213101,49.184952961627374],[15.453250169771213,49.184739940869591],[15.453209476088844,49.184702949850724],[15.45310796646174,49.184743992265211]]]}"
"{""type"":""Polygon"",""coordinates"":[[[15.453128448050217,49.184024482687249],[15.453236425547367,49.18408167274918],[15.453400457918248,49.184183957068839],[15.453548949434712,49.18409793726191],[15.453526311889551,49.184085548048728],[15.453237952683351,49.183927952289046],[15.453232922117758,49.183929948661721],[15.453189982647178,49.183972988088286],[15.453128448050217,49.184024482687249]]]}"
"{""type"":""Polygon"",""coordinates"":[[[15.453134915920263,49.183690970537185],[15.453182975787961,49.183705943401975],[15.453252954548594,49.183642939905056],[15.453204984512423,49.183622976058913],[15.453139946485852,49.183688974154869],[15.453134915920263,49.183690970537185]]]}"
"{""type"":""Polygon"",""coordinates"":[[[15.453185940228401,49.183130453680832],[15.453249451118989,49.183155467453382],[15.453325987581193,49.183095986325633],[15.453283946425895,49.183069974319366],[15.453191869109276,49.18312675445987],[15.453185940228401,49.183130453680832]]]}"
"{""type"":""Polygon"",""coordinates"":[[[15.453193486076785,49.183285468405707],[15.453283946425895,49.183325983537848],[15.453329940168445,49.183267970555775],[15.45332895202163,49.183265974156392],[15.453330928315255,49.183264975956675],[15.453352937039716,49.183240960439697],[15.453258973260999,49.183199975496279],[15.453193486076785,49.183285468405707]]]}"
"{""type"":""Polygon"",""coordinates"":[[[15.45319896580002,49.185088946835542],[15.453219088062383,49.185122884363764],[15.453225735595485,49.185121240331789],[15.453249990108157,49.185201973980199],[15.453333982587223,49.185172968597321],[15.453282958279084,49.185088946835542],[15.453235976389728,49.185100983504782],[15.453223938964916,49.18508295785756],[15.45319896580002,49.185088946835542]]]}"
"{""type"":""Polygon"",""coordinates"":[[[15.453209476088844,49.184702949850724],[15.453250169771213,49.184739940869591],[15.453418963213101,49.184952961627374],[15.453429922659565,49.184947970798724],[15.453447978796776,49.184982965304314],[15.45355487831559,49.184949379973929],[15.453528288183175,49.184916440493133],[15.453382042454923,49.1847280802602],[15.453318441732808,49.184657973431804],[15.453209476088844,49.184702949850724]]]}"
"{""type"":""Polygon"",""coordinates"":[[[15.453249990108157,49.183767948629104],[15.453330928315255,49.183804940346917],[15.453292929578737,49.183840992565919],[15.453334970734034,49.183855965385327],[15.453472951961677,49.183928950475391],[15.45362494690775,49.183990955423084],[15.45368594251554,49.183923489808656],[15.453359943898933,49.183777989240959],[15.453278915860306,49.183743992073282],[15.453249990108157,49.183767948629104]]]}"
"{""type"":""Polygon"",""coordinates"":[[[15.453274963273055,49.183562967037616],[15.453369915198586,49.183607944451801],[15.453418963213101,49.183572948973797],[15.453322933309229,49.183525975138913],[15.453274963273055,49.183562967037616]]]}"
"{""type"":""Polygon"",""coordinates"":[[[15.453276939566681,49.183041672301528],[15.453335060565562,49.183079956354987],[15.45335392518653,49.183081365583391],[15.453425520914674,49.183035976665273],[15.453358776089065,49.182995872321357],[15.453276939566681,49.183041672301528]]]}"
"{""type"":""Polygon"",""coordinates"":[[[15.453277927713495,49.183904993997523],[15.453568981865548,49.184049965741487],[15.45362494690775,49.183990955423084],[15.453472951961677,49.183928950475391],[15.453334970734034,49.183855965385327],[15.453277927713495,49.183904993997523]]]}"
"{""type"":""Polygon"",""coordinates"":[[[15.453318441732808,49.184657973431804],[15.453382042454923,49.1847280802602],[15.453528288183175,49.184916440493133],[15.45363294191378,49.184883970716093],[15.453606980602064,49.184846451363114],[15.4535789531652,49.184798774147389],[15.45342857518664,49.184616461217757],[15.453318441732808,49.184657973431804]]]}"
"{""type"":""Polygon"",""coordinates"":[[[15.453333982587223,49.183143958770863],[15.453464956955647,49.183202970099316],[15.453529994982217,49.183160986922623],[15.453527928857065,49.183159988720782],[15.453557932587552,49.18313896775976],[15.453512926991818,49.183107964761852],[15.453528917003878,49.18309798273188],[15.45353996628187,49.183085945575399],[15.453473940108488,49.183043962299415],[15.453333982587223,49.183143958770863]]]}"
"{""type"":""Polygon"",""coordinates"":[[[15.453336048712377,49.183348061335018],[15.453557663092967,49.183438779839705],[15.453605363634555,49.183389046155796],[15.453576887040049,49.183377361375101],[15.45358137861647,49.183372663975057],[15.453388240830385,49.183293571434788],[15.453336048712377,49.183348061335018]]]}"
"{""type"":""Polygon"",""coordinates"":[[[15.453358776089065,49.182995872321357],[15.453425520914674,49.183035976665273],[15.453457950096432,49.183009964627452],[15.453395966341827,49.182969977698413],[15.453358776089065,49.182995872321357]]]}"
"{""type"":""Polygon"",""coordinates"":[[[15.453359943898933,49.183777989240959],[15.45368594251554,49.183923489808656],[15.453744961829708,49.183858490213247],[15.453407913935106,49.183708937974387],[15.453390935776238,49.183724967741284],[15.453408991913449,49.183733951454535],[15.453359943898933,49.183777989240959]]]}"
"{""type"":""Polygon"",""coordinates"":[[[15.453394978195016,49.183702361658256],[15.453407913935106,49.183708937974387],[15.453744961829708,49.183858490213247],[15.453801825187194,49.18379654381657],[15.453464956955647,49.183647989582511],[15.453452111047083,49.183641589409838],[15.453427946365942,49.183667953418556],[15.453428934512754,49.183670947993278],[15.453422915800349,49.183669949801718],[15.453394978195016,49.183702361658256]]]}"
"{""type"":""Polygon"",""coordinates"":[[[15.453395966341827,49.182969977698413],[15.453457950096432,49.183009964627452],[15.453548140950959,49.182948486912636],[15.453593955030446,49.182908969678351],[15.453646236979981,49.182891647849509],[15.453687379819996,49.182872270881248],[15.453597638123114,49.182876146275504],[15.453573922599611,49.182880961158858],[15.453485258881068,49.18292758329784],[15.453477263875039,49.182923884061708],[15.453460914536869,49.182929990737073],[15.453459926390057,49.182939972800931],[15.453395966341827,49.182969977698413]]]}"
"{""type"":""Polygon"",""coordinates"":[[[15.45342857518664,49.184616461217757],[15.4535789531652,49.184798774147389],[15.453606980602064,49.184846451363114],[15.453674983069073,49.184820968719045],[15.453709747870571,49.184804645728157],[15.453562963153145,49.184620982351674],[15.453517418568239,49.184578471933364],[15.45342857518664,49.184616461217757]]]}"
"{""type"":""Polygon"",""coordinates"":[[[15.453438995643936,49.184984961634427],[15.453457950096432,49.185013967127517],[15.453529994982217,49.185108440366704],[15.453647943779021,49.185068983572762],[15.453586319350533,49.184993475394279],[15.45355487831559,49.184949379973929],[15.453447978796776,49.184982965304314],[15.453438995643936,49.184984961634427]]]}"
"{""type"":""Polygon"",""coordinates"":[[[15.453464956955647,49.183647989582511],[15.453801825187194,49.18379654381657],[15.45386596489848,49.183720974979323],[15.45379463866492,49.183690794385804],[15.453505920132603,49.183578938134545],[15.453500979398539,49.183589976977927],[15.453510950698192,49.183597962522683],[15.453464956955647,49.183647989582511]]]}"
"{""type"":""Polygon"",""coordinates"":[[[15.453479330000194,49.182879786797102],[15.453503135355223,49.182902569410089],[15.453596739807827,49.182861055723421],[15.453572934452801,49.182838155655048],[15.453479330000194,49.182879786797102]]]}"
"{""type"":""Polygon"",""coordinates"":[[[15.453505920132603,49.183578938134545],[15.45379463866492,49.183690794385804],[15.45386596489848,49.183720974979323],[15.453920672299281,49.183665663449538],[15.453809460867106,49.18361757407564],[15.453608956895691,49.183535957082555],[15.453560986859518,49.183514936281242],[15.453505920132603,49.183578938134545]]]}"
"{""type"":""Polygon"",""coordinates"":[[[15.453517418568239,49.184578471933364],[15.453562963153145,49.184620982351674],[15.453709747870571,49.184804645728157],[15.45374424317748,49.184792550271013],[15.453813952443527,49.184767948336905],[15.453618928195345,49.184538368839526],[15.453517418568239,49.184578471933364]]]}"
"{""type"":""Polygon"",""coordinates"":[[[15.453550925728337,49.182993993346905],[15.453684954368729,49.183063985097029],[15.45371998866481,49.183038971278229],[15.453673994922262,49.183005971807795],[15.45371594624603,49.182984950781353],[15.453669952503484,49.182940971007206],[15.453550925728337,49.182993993346905]]]}"
"{""type"":""Polygon"",""coordinates"":[[[15.453560986859518,49.183229980236128],[15.453619916342157,49.183252938840823],[15.453658993057017,49.183209957505689],[15.453604914476912,49.183187938364618],[15.453560986859518,49.183229980236128]]]}"
"{""type"":""Polygon"",""coordinates"":[[[15.453586319350533,49.184993475394279],[15.453647943779021,49.185068983572762],[15.453746938123333,49.185022480882388],[15.453682439085934,49.18495354878366],[15.453667976209857,49.184962943283175],[15.453586319350533,49.184993475394279]]]}"
"{""type"":""Polygon"",""coordinates"":[[[15.453606980602064,49.184846451363114],[15.45363294191378,49.184883970716093],[15.453682439085934,49.18495354878366],[15.453746938123333,49.185022480882388],[15.453849435897249,49.184975978148302],[15.453792931865879,49.184912976268393],[15.453709747870571,49.184804645728157],[15.453674983069073,49.184820968719045],[15.453606980602064,49.184846451363114]],[[15.453671389807937,49.18488267897046],[15.453723312431361,49.184865357832493],[15.453755382287001,49.184906282680906],[15.453703280000523,49.184923545088886],[15.453671389807937,49.18488267897046]]]}"
"{""type"":""Polygon"",""coordinates"":[[[15.453608956895691,49.183535957082555],[15.453809460867106,49.18361757407564],[15.453920672299281,49.183665663449538],[15.453972774585759,49.183593382578053],[15.453827876330431,49.183537483732586],[15.453659981203831,49.183478942542052],[15.453608956895691,49.183535957082555]]]}"
"{""type"":""Polygon"",""coordinates"":[[[15.453615963754908,49.183460975021354],[15.453659981203831,49.183478942542052],[15.453827876330431,49.183537483732586],[15.453972774585759,49.183593382578053],[15.454034668508836,49.183513644499868],[15.453991639206727,49.18349925875043],[15.453840542575936,49.183446589256604],[15.45369492566838,49.183399967606604],[15.453678935656324,49.183393978424199],[15.453615963754908,49.183460975021354]]]}"
"{""type"":""Polygon"",""coordinates"":[[[15.453618928195345,49.184538368839526],[15.453813952443527,49.184767948336905],[15.453939986077888,49.184711992102336],[15.45371998866481,49.184494977607677],[15.453618928195345,49.184538368839526]]]}"
"{""type"":""Polygon"",""coordinates"":[[[15.45369492566838,49.183399967606604],[15.453840542575936,49.183446589256604],[15.453991639206727,49.18349925875043],[15.454071948593127,49.183393978424199],[15.453862281805815,49.183333440667255],[15.45376122133635,49.183309953641711],[15.45369492566838,49.183399967606604]]]}"
"{""type"":""Polygon"",""coordinates"":[[[15.45371998866481,49.184494977607677],[15.453939986077888,49.184711992102336],[15.454044909303075,49.184669481762214],[15.453821947449557,49.184453993702867],[15.45371998866481,49.184494977607677]]]}"
"{""type"":""Polygon"",""coordinates"":[[[15.453737954970492,49.182922944573129],[15.453759963694951,49.182957940510811],[15.453820959302742,49.182953947686954],[15.453844944320828,49.182994991552086],[15.453923187582076,49.18307625713026],[15.453970438966024,49.18304918819166],[15.45397169660742,49.183043844863633],[15.453923996065832,49.182994991552086],[15.453859946186075,49.182902980436516],[15.453737954970492,49.182922944573129]]]}"
"{""type"":""Polygon"",""coordinates"":[[[15.45374424317748,49.184792550271013],[15.453783050397755,49.184813981540152],[15.453845932467642,49.184887787237109],[15.453886446486957,49.184870466100932],[15.453813952443527,49.184767948336905],[15.45374424317748,49.184792550271013]]]}"
"{""type"":""Polygon"",""coordinates"":[[[15.45376122133635,49.183309953641711],[15.453862281805815,49.183333440667255],[15.454071948593127,49.183393978424199],[15.454153964778566,49.183290459402045],[15.453939986077888,49.183188936565891],[15.453889949916562,49.183255992158287],[15.453804969290687,49.183233973037709],[15.45376122133635,49.183309953641711]]]}"
"{""type"":""Polygon"",""coordinates"":[[[15.453792931865879,49.184912976268393],[15.453849435897249,49.184975978148302],[15.453943938665141,49.184928946929602],[15.453937830121207,49.184924954264787],[15.453886446486957,49.184870466100932],[15.453845932467642,49.184887787237109],[15.453792931865879,49.184912976268393]]]}"
"{""type"":""Polygon"",""coordinates"":[[[15.453821947449557,49.184453993702867],[15.454044909303075,49.184669481762214],[15.454140939206948,49.184620982351674],[15.454114977895236,49.184600960184063],[15.453921929940677,49.184412481317693],[15.453821947449557,49.184453993702867]]]}"
"{""type"":""Polygon"",""coordinates"":[[[15.453828954308774,49.183137969557485],[15.453892914357002,49.183170968939891],[15.453939986077888,49.183188936565891],[15.454153964778566,49.183290459402045],[15.454233914838852,49.183209957505689],[15.453970438966024,49.18304918819166],[15.453923187582076,49.18307625713026],[15.453828954308774,49.183137969557485]]]}"
"{""type"":""Polygon"",""coordinates"":[[[15.453847010445983,49.185057240473263],[15.453887165139182,49.185098047732069],[15.453987417124891,49.185055948732142],[15.453947352263221,49.185015141438619],[15.453847010445983,49.185057240473263]]]}"
"{""type"":""Polygon"",""coordinates"":[[[15.453886446486957,49.184870466100932],[15.453937830121207,49.184924954264787],[15.45403448884578,49.184886084481612],[15.454030895584642,49.184882267960475],[15.454079853767627,49.184862480761538],[15.453994513815635,49.184772058446079],[15.453920941793866,49.184801651222052],[15.453958311709687,49.184841460523714],[15.453886446486957,49.184870466100932]]]}"
"{""type"":""Polygon"",""coordinates"":[[[15.453906928075435,49.182845084394806],[15.453967923683226,49.18292899253057],[15.454053982287443,49.18291096609213],[15.454034848171894,49.182833458203817],[15.453906928075435,49.182845084394806]]]}"
"{""type"":""Polygon"",""coordinates"":[[[15.453921929940677,49.184412481317693],[15.454114977895236,49.184600960184063],[15.454199958521112,49.184558978193415],[15.454019486980535,49.184372436805639],[15.453921929940677,49.184412481317693]]]}"
"{""type"":""Polygon"",""coordinates"":[[[15.453967923683226,49.18292899253057],[15.454005922419745,49.182987945397407],[15.45400493427293,49.182987945397407],[15.454000981685681,49.182990940013262],[15.454118930482485,49.183087941982045],[15.454233914838852,49.183149947983537],[15.454301378316689,49.183101388365856],[15.454333448172335,49.183056938952163],[15.454189627895346,49.182984070011905],[15.454179926090278,49.182973970520976],[15.45418998722146,49.182967981287014],[15.454145969772537,49.182945962038282],[15.454100964176803,49.182902980436516],[15.454053982287443,49.18291096609213],[15.453967923683226,49.18292899253057]]]}"
"{""type"":""Polygon"",""coordinates"":[[[15.453987057798777,49.184762957489596],[15.453994513815635,49.184772058446079],[15.454079853767627,49.184862480761538],[15.454183968509055,49.184814979708626],[15.454112911770084,49.184748983114439],[15.45410015569305,49.184754561121807],[15.454107432046849,49.184763368500562],[15.454073026571468,49.184773643773809],[15.45404742458587,49.184743874833465],[15.453987057798777,49.184762957489596]]]}"
"{""type"":""Polygon"",""coordinates"":[[[15.454019486980535,49.184372436805639],[15.454199958521112,49.184558978193415],[15.454232926692042,49.184589980282254],[15.454323926030321,49.18455099280375],[15.454294910446647,49.184525979736605],[15.454174985356214,49.184405552797401],[15.454102940470428,49.184341963027691],[15.454019486980535,49.184372436805639]]]}"
"{""type"":""Polygon"",""coordinates"":[[[15.454084974164747,49.182824944072323],[15.454094945464398,49.182845965166734],[15.454193939808711,49.182840974125583],[15.454184956655871,49.182883955781193],[15.454273979700524,49.182905975057523],[15.454389952203707,49.182937976388324],[15.454485982107579,49.182809970940973],[15.4543279684491,49.18279394087768],[15.454320961589884,49.182805978105186],[15.454277932287775,49.18280497989619],[15.454170942937436,49.182817956611594],[15.454084974164747,49.182824944072323]]]}"
"{""type"":""Polygon"",""coordinates"":[[[15.454102940470428,49.184341963027691],[15.454174985356214,49.184405552797401],[15.454294910446647,49.184525979736605],[15.454389952203707,49.184482940791014],[15.454236340290121,49.184322058179937],[15.454205438244347,49.184303445084971],[15.454102940470428,49.184341963027691]]]}"
"{""type"":""Polygon"",""coordinates"":[[[15.454112911770084,49.184748983114439],[15.454183968509055,49.184814979708626],[15.454251342155363,49.184791552102084],[15.454286915440617,49.184783977760752],[15.454242987823223,49.184718979295631],[15.454224931686012,49.184703948021443],[15.454112911770084,49.184748983114439]]]}"
"{""type"":""Polygon"",""coordinates"":[[[15.454188909243118,49.183429972225177],[15.454240921698068,49.183461973217113],[15.454418967787381,49.183309953641711],[15.454317997149447,49.183272961553868],[15.454188909243118,49.183429972225177]]]}"
"{""type"":""Polygon"",""coordinates"":[[[15.454189627895346,49.182984070011905],[15.454333448172335,49.183056938952163],[15.45434898902675,49.182999982577712],[15.454389952203707,49.182937976388324],[15.454273979700524,49.182905975057523],[15.454260954128905,49.182929990737073],[15.454248916704097,49.18292899253057],[15.454189627895346,49.182984070011905]]]}"
"{""type"":""Polygon"",""coordinates"":[[[15.454205438244347,49.184303445084971],[15.454236340290121,49.184322058179937],[15.454389952203707,49.184482940791014],[15.454444929099093,49.184535961478531],[15.454570962733454,49.184490984907839],[15.454539970856153,49.184460980932585],[15.45434593475478,49.184285947594994],[15.454313954730669,49.184262989469559],[15.454205438244347,49.184303445084971]]]}"
"{""type"":""Polygon"",""coordinates"":[[[15.454238945404445,49.183557976068769],[15.454304971577828,49.183645993198461],[15.454459481806696,49.183583459363248],[15.454373423202476,49.183484461975219],[15.454320961589884,49.183510943502334],[15.454238945404445,49.183557976068769]]]}"
"{""type"":""Polygon"",""coordinates"":[[[15.454240921698068,49.183461973217113],[15.454320961589884,49.183510943502334],[15.454373423202476,49.183484461975219],[15.454379980904051,49.183479940737463],[15.454578418750312,49.183331972728482],[15.454599978317132,49.183315942834284],[15.454608961469974,49.183312948238083],[15.454584976451889,49.183302966249457],[15.454461458100321,49.18326444749799],[15.454418967787381,49.183309953641711],[15.454240921698068,49.183461973217113]]]}"
"{""type"":""Polygon"",""coordinates"":[[[15.454242987823223,49.184718979295631],[15.454286915440617,49.184783977760752],[15.454413937221789,49.184759962980962],[15.454335963455129,49.184683984603346],[15.454242987823223,49.184718979295631]]]}"
"{""type"":""Polygon"",""coordinates"":[[[15.454313954730669,49.184262989469559],[15.45434593475478,49.184285947594994],[15.454539970856153,49.184460980932585],[15.454637977053649,49.184416474023863],[15.454419955934194,49.184223943016924],[15.454313954730669,49.184262989469559]]]}"
"{""type"":""Polygon"",""coordinates"":[[[15.4543279684491,49.18274596809313],[15.454351594141075,49.182756772249405],[15.454517423142523,49.182791944459176],[15.454542935296592,49.182735985990142],[15.454353929760813,49.182697936543782],[15.4543279684491,49.18274596809313]]]}"
"{""type"":""Polygon"",""coordinates"":[[[15.4543279684491,49.18274596809313],[15.4543279684491,49.18279394087768],[15.454485982107579,49.182809970940973],[15.454497929700857,49.182812965567607],[15.454517423142523,49.182791944459176],[15.454351594141075,49.182756772249405],[15.4543279684491,49.18274596809313]]]}"
"{""type"":""Polygon"",""coordinates"":[[[15.454358960326402,49.183223991033145],[15.454461458100321,49.18326444749799],[15.454528921578158,49.183173963544675],[15.454670945224578,49.183224989233693],[15.454724933973154,49.183190991686097],[15.454693942095849,49.183179952753704],[15.454597463034336,49.183143254157564],[15.454612554731108,49.183123466263233],[15.454604469893553,49.183120882680015],[15.454623065019934,49.183096338632623],[15.454644894081337,49.183103443489692],[15.454654326391822,49.183090936591853],[15.454498917847669,49.18304795511601],[15.454358960326402,49.183223991033145]]]}"
"{""type"":""Polygon"",""coordinates"":[[[15.454373423202476,49.183484461975219],[15.454459481806696,49.183583459363248],[15.454621987041593,49.183518987777163],[15.454541947149776,49.183423454589416],[15.454643995766055,49.183385992846524],[15.454578418750312,49.183331972728482],[15.454379980904051,49.183479940737463],[15.454373423202476,49.183484461975219]]]}"
"{""type"":""Polygon"",""coordinates"":[[[15.454419955934194,49.184223943016924],[15.454637977053649,49.184416474023863],[15.454687923383446,49.184388994804294],[15.454736522240319,49.184361750434775],[15.454553984574584,49.18420116101229],[15.454522453708112,49.184175971618664],[15.454419955934194,49.184223943016924]]]}"
"{""type"":""Polygon"",""coordinates"":[[[15.454470171758578,49.183032160001432],[15.454503050097976,49.183041965891007],[15.454498917847669,49.18304795511601],[15.454654326391822,49.183090936591853],[15.454725922119966,49.183110959370445],[15.45473292897918,49.183104970153067],[15.454754668209056,49.183110254756684],[15.45478449227649,49.183117477047368],[15.45481395701781,49.183107964761852],[15.454822940170653,49.183104970153067],[15.454837942035894,49.183076139694556],[15.454830036861395,49.183055647158831],[15.454809914599032,49.183054942544274],[15.454794912733785,49.18304895332011],[15.454772993840855,49.183040967686765],[15.454773981987666,49.183032982052133],[15.454597193539751,49.18298448103765],[15.45453395214375,49.182960993846478],[15.454527753768287,49.182961170000453],[15.454507721337452,49.182973794367051],[15.454470171758578,49.183032160001432]]]}"
"{""type"":""Polygon"",""coordinates"":[[[15.454522453708112,49.184175971618664],[15.454553984574584,49.18420116101229],[15.454736522240319,49.184361750434775],[15.454743978257177,49.184370968897696],[15.454837942035894,49.184323937103962],[15.45461596832919,49.184134987449646],[15.454522453708112,49.184175971618664]]]}"
"{""type"":""Polygon"",""coordinates"":[[[15.454541587823662,49.182914371738981],[15.45483371995406,49.182987886679442],[15.454853482890309,49.182961346154428],[15.454884923925253,49.182908969678351],[15.454846026873453,49.18289117810491],[15.454724933973154,49.182862347521834],[15.454717657619351,49.182873562679369],[15.454565932167862,49.182842383360779],[15.454565932167862,49.1828703919021],[15.454541587823662,49.182914371738981]]]}"
"{""type"":""Polygon"",""coordinates"":[[[15.454541947149776,49.183423454589416],[15.454621987041593,49.183518987777163],[15.45481395701781,49.183446941561094],[15.454754937703644,49.183375952155139],[15.454702925248691,49.183320992545106],[15.45468091652423,49.18332498533934],[15.454667980784141,49.183310951840518],[15.454668968930953,49.183293982457968],[15.454617944622814,49.183262979557171],[15.454584976451889,49.183302966249457],[15.454599978317132,49.183315942834284],[15.454578418750312,49.183331972728482],[15.454643995766055,49.183385992846524],[15.454541947149776,49.183423454589416]]]}"
"{""type"":""Polygon"",""coordinates"":[[[15.45461596832919,49.184134987449646],[15.454837942035894,49.184323937103962],[15.454862915200794,49.184345955739552],[15.454953914539077,49.184285947594994],[15.454717927113938,49.184094942713038],[15.45461596832919,49.184134987449646]]]}"
"{""type"":""Polygon"",""coordinates"":[[[15.454642917787712,49.184495975782582],[15.454783953287318,49.184627969557823],[15.454850967607515,49.184603954702318],[15.454697984514631,49.184469964512218],[15.454642917787712,49.184495975782582]]]}"
"{""type"":""Polygon"",""coordinates"":[[[15.454687923383446,49.184388994804294],[15.454834977595459,49.18452797608515],[15.454886540892765,49.184507190569875],[15.454777934574917,49.184395982043199],[15.454743978257177,49.184370968897696],[15.454736522240319,49.184361750434775],[15.454687923383446,49.184388994804294]]]}"
"{""type"":""Polygon"",""coordinates"":[[[15.454693942095849,49.183179952753704],[15.454724933973154,49.183190991686097],[15.454809914599032,49.183149947983537],[15.454880971338005,49.18312898573604],[15.45481395701781,49.183107964761852],[15.45478449227649,49.183117477047368],[15.454754668209056,49.183110254756684],[15.454693942095849,49.183179952753704]]]}"
"{""type"":""Polygon"",""coordinates"":[[[15.454717927113938,49.184094942713038],[15.454953914539077,49.184285947594994],[15.454998920134811,49.184322938925582],[15.455095938185494,49.184264985828719],[15.454831923323493,49.18405049419178],[15.454717927113938,49.184094942713038]]]}"
"{""type"":""Polygon"",""coordinates"":[[[15.454747930844425,49.183255992158287],[15.454829947029866,49.183325983537848],[15.454907920796527,49.18339597481841],[15.454951938245451,49.18336843631463],[15.45479742801658,49.183225458975123],[15.454747930844425,49.183255992158287]]]}"
"{""type"":""Polygon"",""coordinates"":[[[15.454754937703644,49.183375952155139],[15.45481395701781,49.183446941561094],[15.454907920796527,49.18339597481841],[15.454829947029866,49.183325983537848],[15.454754937703644,49.183375952155139]]]}"
"{""type"":""Polygon"",""coordinates"":[[[15.454777934574917,49.184395982043199],[15.454886540892765,49.184507190569875],[15.455013922000056,49.184612938255974],[15.455100789088029,49.184577591192266],[15.454843960748301,49.184364979832814],[15.454777934574917,49.184395982043199]]]}"
"{""type"":""Polygon"",""coordinates"":[[[15.45479742801658,49.183225458975123],[15.454951938245451,49.18336843631463],[15.4550459918557,49.183308955442868],[15.454958945104666,49.183232974837345],[15.454903339388578,49.183252351664358],[15.454854920194768,49.183202970099316],[15.45479742801658,49.183225458975123]]]}"
"{""type"":""Polygon"",""coordinates"":[[[15.454831923323493,49.18405049419178],[15.455095938185494,49.184264985828719],[15.455127918209609,49.184290938490413],[15.455208946248236,49.184234981716436],[15.45518397308334,49.184217953934251],[15.454913490351291,49.184012974206837],[15.454831923323493,49.18405049419178]]]}"
"{""type"":""Polygon"",""coordinates"":[[[15.454844948895111,49.183529967916613],[15.454955980664229,49.183600957101632],[15.455109951903927,49.183498965163658],[15.45504293758373,49.183449936149188],[15.455143908221665,49.183384994649231],[15.455184961230151,49.183419990260155],[15.455165916946129,49.183435961403234],[15.455178942517747,49.183443946972822],[15.45518999179574,49.183435961403234],[15.455252963697156,49.183404958591382],[15.455322942457791,49.183368964772207],[15.455223948113481,49.183269966955073],[15.454844948895111,49.183529967916613]]]}"
"{""type"":""Polygon"",""coordinates"":[[[15.454853482890309,49.182961346154428],[15.454915915802557,49.182980957959685],[15.454948973805013,49.182938446132468],[15.454884923925253,49.182908969678351],[15.454853482890309,49.182961346154428]]]}"
"{""type"":""Polygon"",""coordinates"":[[[15.454913490351291,49.184012974206837],[15.45518397308334,49.184217953934251],[15.455278925008871,49.184159941997862],[15.45510968240934,49.18404186283626],[15.455015808462152,49.183966294373647],[15.454913490351291,49.184012974206837]]]}"
"{""type"":""Polygon"",""coordinates"":[[[15.454955980664229,49.183600957101632],[15.455051920736574,49.183665487298079],[15.455268953709215,49.183530966110993],[15.455298957439705,49.183514936281242],[15.45518999179574,49.183435961403234],[15.455178942517747,49.183443946972822],[15.455109951903927,49.183498965163658],[15.454955980664229,49.183600957101632]]]}"
"{""type"":""Polygon"",""coordinates"":[[[15.454958945104666,49.183232974837345],[15.4550459918557,49.183308955442868],[15.45520095124221,49.183235969438378],[15.455119923203579,49.18315394079157],[15.454958945104666,49.183232974837345]]]}"
"{""type"":""Polygon"",""coordinates"":[[[15.45496604179541,49.184431975115352],[15.455027037403203,49.184477362753036],[15.455055783492293,49.184460980932585],[15.455073031145751,49.184473839781361],[15.455103663696939,49.184456342351623],[15.455088122842522,49.184444892687885],[15.455112736681309,49.184430742074163],[15.455049854611419,49.184383945202455],[15.45496604179541,49.184431975115352]]]}"
"{""type"":""Polygon"",""coordinates"":[[[15.455009250760577,49.18433215739573],[15.455221073504573,49.184494390445956],[15.455281889449308,49.184460452486682],[15.455070066705311,49.184298278041595],[15.455009250760577,49.18433215739573]]]}"
"{""type"":""Polygon"",""coordinates"":[[[15.455015808462152,49.183966294373647],[15.45510968240934,49.18404186283626],[15.455278925008871,49.184159941997862],[15.455327973023383,49.18412394872783],[15.45535168854688,49.184106686040913],[15.455370912493965,49.184117959633056],[15.455379715983748,49.18410926957268],[15.45516124570665,49.183972342203575],[15.455104382349166,49.183927188970053],[15.455015808462152,49.183966294373647]]]}"
"{""type"":""Polygon"",""coordinates"":[[[15.455051920736574,49.183665487298079],[15.455144986200009,49.183724967741284],[15.455202029220548,49.183696842249404],[15.455364983613091,49.183589976977927],[15.455268953709215,49.183530966110993],[15.455051920736574,49.183665487298079]]]}"
"{""type"":""Polygon"",""coordinates"":[[[15.455104382349166,49.183927188970053],[15.45516124570665,49.183972342203575],[15.455379715983748,49.18410926957268],[15.455465954251023,49.184049965741487],[15.455222420977497,49.183904993997523],[15.455199963095396,49.183881448526343],[15.455104382349166,49.183927188970053]]]}"
"{""type"":""Polygon"",""coordinates"":[[[15.455144986200009,49.183724967741284],[15.455224487102653,49.183780866374974],[15.455296082830797,49.183749159174539],[15.455469996669803,49.183677994050704],[15.455412953649258,49.183623974251418],[15.455402982349607,49.183627967021202],[15.455372978619117,49.183585984205074],[15.455364983613091,49.183589976977927],[15.455202029220548,49.183696842249404],[15.455144986200009,49.183724967741284]]]}"
"{""type"":""Polygon"",""coordinates"":[[[15.455199963095396,49.183881448526343],[15.455222420977497,49.183904993997523],[15.455465954251023,49.184049965741487],[15.455479967969456,49.184059947579435],[15.455483920556707,49.184062942130424],[15.455571057139265,49.183996650949418],[15.455559918029742,49.183990955423084],[15.455323481446962,49.18385696357312],[15.455294915020927,49.183833946531699],[15.455199963095396,49.183881448526343]]]}"
"{""type"":""Polygon"",""coordinates"":[[[15.455205083492517,49.184289059565145],[15.455289075971578,49.184353060417216],[15.455328242517966,49.18433104178478],[15.455244339870433,49.184267040904238],[15.455205083492517,49.184289059565145]]]}"
"{""type"":""Polygon"",""coordinates"":[[[15.455221073504573,49.184494390445956],[15.455309018570887,49.184561679133751],[15.455420230003062,49.184499557468854],[15.455332284936745,49.184432268696582],[15.455281889449308,49.184460452486682],[15.455221073504573,49.184494390445956]]]}"
"{""type"":""Polygon"",""coordinates"":[[[15.455252963697156,49.183404958591382],[15.455299945586519,49.183449936149188],[15.45550799540632,49.183348942098],[15.455448976092152,49.183305960846255],[15.455322942457791,49.183368964772207],[15.455252963697156,49.183404958591382]]]}"
"{""type"":""Polygon"",""coordinates"":[[[15.455296082830797,49.183749159174539],[15.455339561290547,49.18379648509957],[15.455429752145074,49.18376466047507],[15.455446640472415,49.183783743508819],[15.455481764600023,49.183785974755359],[15.455692509365679,49.183724967741284],[15.455612649136919,49.183632194659459],[15.455582914901017,49.183640943520807],[15.455477722181246,49.183676878425011],[15.455469996669803,49.183677994050704],[15.455296082830797,49.183749159174539]]]}"
"{""type"":""Polygon"",""coordinates"":[[[15.455310994864512,49.184172742208297],[15.455409989208825,49.184238739571029],[15.455440621760012,49.184219069547744],[15.455341717247229,49.184153072158786],[15.455310994864512,49.184172742208297]]]}"
"{""type"":""Polygon"",""coordinates"":[[[15.455323481446962,49.18385696357312],[15.455559918029742,49.183990955423084],[15.455642563035882,49.1839243705614],[15.455582914901017,49.183902938906961],[15.455381422782786,49.183822966459708],[15.455323481446962,49.18385696357312]]]}"
"{""type"":""Polygon"",""coordinates"":[[[15.455381422782786,49.183822966459708],[15.455582914901017,49.183902938906961],[15.455648491916756,49.183823964648177],[15.455542221218645,49.183789791361058],[15.455481764600023,49.183785974755359],[15.455446640472415,49.183783743508819],[15.455435411531361,49.183783038904622],[15.455381422782786,49.183822966459708]]]}"
"{""type"":""Polygon"",""coordinates"":[[[15.455440981086126,49.184088953614754],[15.455593964179011,49.184179964343919],[15.455638969774748,49.184144969270442],[15.455559918029742,49.184103985075751],[15.455483920556707,49.184062942130424],[15.455479967969456,49.184059947579435],[15.455440981086126,49.184088953614754]]]}"
"{""type"":""Polygon"",""coordinates"":[[[15.455529914299253,49.183583987818523],[15.455582914901017,49.183640943520807],[15.455612649136919,49.183632194659459],[15.455748923565521,49.183568956199565],[15.455652983493177,49.183468960586914],[15.455584262373941,49.183504249725196],[15.455619925490721,49.183544940830117],[15.455529914299253,49.183583987818523]]]}"
